0,Home,,DC Robotics,_noajax
0,High School,hs,DC High School Robotics,
9,1267,1267,DC Robotics Senior Team 1267,
9,1267b,1267b,DC Robotics Team 1267b,
9,1267c,1267c,DC Robotics Team 1267c,
9,1267d,1267d,DC Robotics Team 1267d,
0,Middle School,ms,DC Middle School Robotics,
9,Get Involved,gi,DC Robotics - Get Involved,
9,Join,join,Join DC Robotics,
9,Volunteer,vol,DC Robotics - Volunteer,
9,Donate,donate,DC Robotics - Donate,
9,Sponsor,sponsor,DC Robotics - Sponsorship,
0,About,about,DC Robotics - About,
1,Program,about,DC Robotics - About,
1,Staff,about/staff,DC Robotics - About our Staff,
1,Site,about/site,DC Robotics - About the Site,
9,Privacy Policy,privacy,DC Robotics Privacy Policy,